"item_id","subject","domain","question","answer","correct_answer","is_correct","confidence","model"
"0","college_biology","natural_science","A fluorescent molecule of 1,000 daltons injected into one cell is observed to en","C","C","True","100","zai/glm-5"
"1","moral_disputes","social_moral"," The decision to remove Terri Schiavo's feeding tube, thus allowing her to die o","C","C","True","95","zai/glm-5"
"2","miscellaneous","factual_recall","Jacques, Hedwig, and Reyes want to form a business entity through which they can","C","C","True","100","zai/glm-5"
"3","world_religions","factual_recall","Which branch of Judaism founded by Zacharias Frankel is known for its ""Positive-","A","A","True","100","zai/glm-5"
"4","virology","factual_recall","The most widespread and important retrovirus is HIV-1; which of the following is","C","A","False","95","zai/glm-5"
"5","philosophy","humanities","A Loving Saint is someone:","A","A","True","95","zai/glm-5"
"6","college_physics","natural_science","A magnetic field is directed perpendicular to the plane of a circular coil of ar","D","D","True","100","zai/glm-5"
"7","elementary_mathematics","formal_reasoning","Westview School is buying new basketball uniforms. Each uniform costs $46. The s","C","C","True","100","zai/glm-5"
"8","high_school_macroeconomics","social_moral","Which of the following might worsen a nation's trade deficit?","C","D","False","85","zai/glm-5"
"9","prehistory","factual_recall","The most obvious material symbols of ancient state societies are:","C","C","True","95","zai/glm-5"
"10","philosophy","humanities","Craig argues that the series of events in time cannot be actually infinite, so w","A","A","True","100","zai/glm-5"
"11","moral_scenarios","social_moral","For which of these two scenarios does the main character (who uses I/me/my) do s","B","B","True","100","zai/glm-5"
"12","high_school_computer_science","formal_reasoning","Which of the following programs is most likely to benefit from the use of a heur","C","C","True","100","zai/glm-5"
"13","high_school_government_and_politics","social_moral","Interest groups are barred from taking part in which of the following activities","B","B","True","95","zai/glm-5"
"14","medical_genetics","applied_professional","Which of the following is not a recognized complication of cystic fibrosis?","A","A","True","95","zai/glm-5"
"15","high_school_microeconomics","social_moral","Production possibilities frontiers are concave to the origin because","C","C","True","100","zai/glm-5"
"16","moral_disputes","social_moral"," According to Aristotle, if something has a function, then its good depends on","A","A","True","100","zai/glm-5"
"17","high_school_mathematics","formal_reasoning","A consumer report revealed the following information about three tubes of toothp","A","A","True","100","zai/glm-5"
"18","miscellaneous","factual_recall","When FDR carried states in the presidential election of 1932 how many states did","A","A","True","100","zai/glm-5"
"19","jurisprudence","applied_professional","Which of the following arguments against the 'fair play' argument in support of ","B","B","True","95","zai/glm-5"
"20","college_biology","natural_science","Which of the following is NOT a characteristic of introns?","D","D","True","95","zai/glm-5"
"21","high_school_physics","natural_science","An ideal fluid flows through a pipe with radius Q and flow speed V. If the pipe ","C","C","True","100","zai/glm-5"
"22","high_school_physics","natural_science","If L, M, and T denote the dimensions of length, mass, and time, respectively, wh","C","C","True","100","zai/glm-5"
"23","college_chemistry","natural_science","At 25°C, the maximum amount of PbI2 that can be dissolved in 1.00 L of pure wate","D","D","True","100","zai/glm-5"
"24","moral_scenarios","social_moral","For which of these two scenarios does the main character (who uses I/me/my) do s","A","A","True","98","zai/glm-5"
"25","prehistory","factual_recall","In what way were Neandertals physically different from modern Homo sapiens?","A","A","True","95","zai/glm-5"
"26","moral_disputes","social_moral"," Leopold claims that history has shown that ""the conqueror role is eventually se","D","D","True","95","zai/glm-5"
"27","high_school_microeconomics","social_moral","Relatively free or easy entry (low or nonexistent barriers to entry) is best mat","A","A","True","100","zai/glm-5"
"28","astronomy","natural_science","Planet X orbits its sun once every 100 Earth days and rotates in the prograde di","D","D","True","100","zai/glm-5"
"29","moral_scenarios","social_moral","For which of these two scenarios does the main character (who uses I/me/my) do s","D","D","True","95","zai/glm-5"
"30","astronomy","natural_science","Why do we see essentially the same face of the Moon at all times?","D","D","True","100","zai/glm-5"
"31","college_computer_science","formal_reasoning","Suppose sharing of tiles in a multilevel directory structure is achieved with di","C","C","True","95","zai/glm-5"
"32","moral_disputes","social_moral"," Kant's humanity formulation of the categorical imperative makes it impermissibl","C","C","True","95","zai/glm-5"
"33","high_school_biology","natural_science","When driving from east to west in the U.S. from a forest ecosystem to grasslands","C","C","True","100","zai/glm-5"
"34","clinical_knowledge","applied_professional","Which of the following is true of haematemesis?","A","A","True","100","zai/glm-5"
"35","miscellaneous","factual_recall","Which of these is a fish?","A","A","True","100","zai/glm-5"
"36","prehistory","factual_recall","That modern Africans do not possess any Neandertal DNA indicates that:","B","B","True","95","zai/glm-5"
"37","high_school_european_history","factual_recall","This question refers to the following information.
""Buckingham Palace, 10th May ","A","A","True","95","zai/glm-5"
"38","high_school_physics","natural_science","Heat is added to a cylindrical aluminum rod of radius Q and length ℓ. The temper","C","C","True","100","zai/glm-5"
"39","clinical_knowledge","applied_professional","What is a colles fracture?","D","D","True","100","zai/glm-5"
"40","moral_scenarios","social_moral","For which of these two scenarios does the main character (who uses I/me/my) do s","A","A","True","100","zai/glm-5"
"41","prehistory","factual_recall","Which of the following characteristics of modern humans is the most ancient, pre","C","C","True","90","zai/glm-5"
"42","high_school_macroeconomics","social_moral","The appropriate fiscal policy to remedy a recession","A","A","True","100","zai/glm-5"
"43","philosophy","humanities","According to Feinberg, a good moral education:","D","D","True","95","zai/glm-5"
"44","high_school_physics","natural_science","A nonconducting sphere is given a nonzero net electric charge, +Q, and then brou","C","C","True","100","zai/glm-5"
"45","high_school_european_history","factual_recall","This question refers to the following information.
Read the the following quotat","A","A","True","100","zai/glm-5"
"46","nutrition","factual_recall","Supplementation with long-chain fatty acids EPA and DHA during pregnancy and inf","A","A","True","95","zai/glm-5"
"47","miscellaneous","factual_recall","In the Jimmy Buffet song 'Margaritaville' what is the singer searching for?","B","B","True","100","zai/glm-5"
"48","high_school_statistics","formal_reasoning","A recent poll reported that 43% of Americans approve of the job the president is","D","D","True","100","zai/glm-5"
"49","high_school_psychology","humanities","The most widely used self-report inventory for personality assessment is the","A","A","True","100","zai/glm-5"
"50","high_school_mathematics","formal_reasoning","A bag has 4 red and 6 blue marbles. A marble is selected and not replaced, then ","D","D","True","100","zai/glm-5"
"51","elementary_mathematics","formal_reasoning","Jimmy and Kima are going on a trip. They will drive for three days. The first da","C","C","True","100","zai/glm-5"
"52","anatomy","natural_science","Fertilization of an ovum by a spermatozoon occurs in which of the following stru","B","B","True","100","zai/glm-5"
"53","high_school_macroeconomics","social_moral","""Flash"" estimates of GDP","D","D","True","95","zai/glm-5"
"54","college_mathematics","formal_reasoning","The map x -> axa^2 of a group G into itself is a homomorphism if and only if","C","C","True","100","zai/glm-5"
"55","elementary_mathematics","formal_reasoning","Some bakers make apple pies. They have 15 boxes of apples. Each box has 18 apple","B","B","True","100","zai/glm-5"
"56","clinical_knowledge","applied_professional","What is an urgent reason for catheterizing a patient?","A","A","True","100","zai/glm-5"
"57","human_aging","factual_recall","About what percentage of people who have had bridge jobs say it was better than ","C","C","True","80","zai/glm-5"
"58","virology","factual_recall","The major issue for HIV infection among the Latino population is:","D","D","True","90","zai/glm-5"
"59","high_school_psychology","humanities","Quinn awoke from a dream, shaking and covered with sweat. When his wife asked hi","D","D","True","100","zai/glm-5"
"60","machine_learning","formal_reasoning","You are training a linear regression model for a simple estimation task, and not","B","B","True","100","zai/glm-5"
"61","high_school_computer_science","formal_reasoning","The following procedure is intended to return the number of times the value val ","C","C","True","100","zai/glm-5"
"62","high_school_geography","factual_recall","All the following factors can be considered pull factors of migration EXCEPT","D","D","True","100","zai/glm-5"
"63","professional_law","applied_professional","A graduate from law school had decided against taking the bar exam. Her mother, ","C","C","True","95","zai/glm-5"
"64","high_school_psychology","humanities","According to the Law of Effect, behaviors followed by negative consequences","B","B","True","100","zai/glm-5"
"65","human_aging","factual_recall","A person who is not very well organized, rarely sets goals, and frequently puts ","B","B","True","100","zai/glm-5"
"66","miscellaneous","factual_recall","Which of the following lists includes minerals only?","B","B","True","100","zai/glm-5"
"67","high_school_physics","natural_science","In Collision A, two carts collide and bounce off each other. In Collision B, a b","B","B","True","100","zai/glm-5"
"68","high_school_chemistry","natural_science","Which of the following is the strongest Brønsted-Lowry acid?","D","D","True","100","zai/glm-5"
"69","professional_law","applied_professional","A farmer owns a large farm on which he allows his friends to hunt during quail-h","B","B","True","90","zai/glm-5"
"70","miscellaneous","factual_recall","Who composed the 'Moonlight Sonata'?","D","D","True","100","zai/glm-5"
"71","human_sexuality","humanities","You are a homosexual male: Last night, you were tempted by lusty, swarthy Jacque","A","A","True","95","zai/glm-5"
"72","high_school_psychology","humanities","During assigned seat-work time, Mary, a firstgrade student, sometimes leaves her","B","B","True","95","zai/glm-5"
"73","international_law","factual_recall","Which of the following cases best illustrates the 'living instrument principle' ","C","C","True","100","zai/glm-5"
"74","formal_logic","formal_reasoning"," Construct a complete truth table for the following argument. Then, using the tr","C","C","True","100","zai/glm-5"
"75","security_studies","social_moral","In what ways might international measures be employed? Are they a help or a hind","A","B","False","95","zai/glm-5"
"76","abstract_algebra","formal_reasoning","The set of all nth roots of unity under multiplication of complex numbers form a","D","D","True","100","zai/glm-5"
"77","high_school_mathematics","formal_reasoning","A number’s prime factors are 2, 5, 7, 13, and 31. Which of the following must be","C","C","True","100","zai/glm-5"
"78","high_school_world_history","factual_recall","This question refers to the following information.
""After the Tencteri came, in ","B","B","True","95","zai/glm-5"
"79","philosophy","humanities","Wolf claims that morality:","D","D","True","90","zai/glm-5"
"80","high_school_biology","natural_science","Chemiosmosis occurs in I.Mitochondria II. Nuclei III. Chloroplasts","D","D","True","100","zai/glm-5"
"81","professional_psychology","applied_professional","Psychologists call the pathway that connects the past with the present and the f","B","B","True","95","zai/glm-5"
"82","marketing","applied_professional"," This is the use of inter-personal communications with the aim of developing pos","B","B","True","100","zai/glm-5"
"83","high_school_psychology","humanities","Research indicates that which of the following factors most influence a person's","C","C","True","95","zai/glm-5"
"84","human_sexuality","humanities","Penile or clitoral erection occurs because of activation of the _________ system","D","D","True","100","zai/glm-5"
"85","professional_law","applied_professional","A law student contacted a tutor about the possibility of hiring the tutor to hel","B","B","True","95","zai/glm-5"
"86","high_school_mathematics","formal_reasoning","What is the smallest whole number that has a remainder of 1 when divided by 4, a","D","D","True","100","zai/glm-5"
"87","high_school_psychology","humanities","The tendency of young children learning language to overuse the rules of syntax ","C","C","True","100","zai/glm-5"
"88","high_school_psychology","humanities","The scores of Brian's team on the quiz were: 8, 6, 9, 7, 10, 9, 5, 4, 9. The med","B","B","True","100","zai/glm-5"
"89","high_school_psychology","humanities","Which of the following kinds of brain scans would be most useful in disproving t","D","D","True","95","zai/glm-5"
"90","high_school_chemistry","natural_science","Starting with a stock solution of 18.0 M H2SO4, what is the proper procedure to ","C","C","True","100","zai/glm-5"
"91","professional_law","applied_professional","A woman was employed as a legal secretary for a local attorney. After the attorn","C","C","True","95","zai/glm-5"
"92","prehistory","factual_recall","Machu Picchu was built in the mountains as a:","C","C","True","95","zai/glm-5"
"93","econometrics","social_moral","How many parameters will be required to be estimated in total for all equations ","D","D","True","100","zai/glm-5"
"94","high_school_biology","natural_science","Which describes an African butterfly species that exists in two strikingly diffe","D","D","True","100","zai/glm-5"
"95","miscellaneous","factual_recall","If the tax rate for a single person with $25,000 in taxable income is 24 percent","B","B","True","100","zai/glm-5"
"96","high_school_european_history","factual_recall","This question refers to the following information.
""It's come! It's posted at th","D","D","True","100","zai/glm-5"
"97","clinical_knowledge","applied_professional","Which of the following is true?","B","B","True","100","zai/glm-5"
"98","high_school_physics","natural_science","A solid plastic cube with uniform density (side length = 0.5 m) of mass 100 kg i","B","B","True","100","zai/glm-5"
"99","high_school_world_history","factual_recall","This question refers to the following information.
""The Chinese are all infidels","A","A","True","100","zai/glm-5"
"100","high_school_psychology","humanities","Which of the following is a hallucination?","D","D","True","100","zai/glm-5"
"101","college_mathematics","formal_reasoning","Let V be the vector space, under the usual operations, of real polynomials that ","B","B","True","100","zai/glm-5"
"102","high_school_biology","natural_science","Before the human genome was sequenced by the Human Genome Project, scientists ex","D","D","True","100","zai/glm-5"
"103","high_school_biology","natural_science","Memory loss would most likely be due to a malfunction of which part of the brain","C","C","True","100","zai/glm-5"
"104","miscellaneous","factual_recall","In the film 'Easy Rider' what emblem is on the back of Peter Fonda's leather jac","B","B","True","100","zai/glm-5"
"105","professional_accounting","applied_professional","Which of the following, discovered during an audit, most likely would raise a qu","B","B","True","95","zai/glm-5"
"106","professional_psychology","applied_professional","Dr. Jones, a clinical psychologist, has been seeing Lisa L. in therapy for one m","D","D","True","95","zai/glm-5"
"107","high_school_biology","natural_science","A reaction that includes energy as one of its reactants is called a(n)","C","C","True","100","zai/glm-5"
"108","management","applied_professional","As what are key factors that reflect the situation of an organisation referred t","D","D","True","90","zai/glm-5"
"109","high_school_psychology","humanities","After collecting and analyzing the responses of 2,000 randomly selected study pa","D","D","True","95","zai/glm-5"
"110","high_school_world_history","factual_recall","This question refers to the following information.
Although in Protestant Europe","C","C","True","95","zai/glm-5"
"111","security_studies","social_moral","According to motivational realism, what might inspire the behaviour of so called","B","B","True","75","zai/glm-5"
"112","electrical_engineering","formal_reasoning","Which of the following is a digital device","D","D","True","100","zai/glm-5"
"113","professional_law","applied_professional","A bank loaned a company $1,500,000 for the manufacture of a widget control syste","A","A","True","95","zai/glm-5"
"114","professional_law","applied_professional","A police officer was employed on a city's police force for 10 years. When the of","C","C","True","90","zai/glm-5"
"115","high_school_european_history","factual_recall","This question refers to the following information.
""The Government of the German","D","D","True","100","zai/glm-5"
"116","high_school_psychology","humanities","Which research method would most likely be used to test the following hypothesis","D","D","True","95","zai/glm-5"
"117","professional_law","applied_professional","Jan sues the Chicago Times for defamation in a Florida circuit court. At trial, ","D","D","True","100","zai/glm-5"
"118","professional_medicine","applied_professional","A 68-year-old female has a history of breast cancer that has recurred twice in t","B","B","True","95","zai/glm-5"
"119","conceptual_physics","natural_science","When you look at the red petals of a rose the color light you're seeing is","A","A","True","100","zai/glm-5"
"120","high_school_psychology","humanities","Which of the following is the best example of a categorical variable?","D","D","True","100","zai/glm-5"
"121","moral_disputes","social_moral"," One suggestion that Lukianoff and Haidt make to challenge vindictive protective","A","B","False","100","zai/glm-5"
"122","security_studies","social_moral","Which of the following does not constitute a fundamental ontological principle o","C","C","True","100","zai/glm-5"
"123","miscellaneous","factual_recall","To ward off bad luck what do many people do to wood?","A","A","True","100","zai/glm-5"
"124","professional_law","applied_professional","A homeless man was walking down the street on a very cold night, when he entered","D","D","True","95","zai/glm-5"
"125","high_school_biology","natural_science","Which statement about the beak size of finches on the island of Daphne Major dur","C","C","True","100","zai/glm-5"
"126","sociology","social_moral","Marx proclaimed that religion would disappear when:","B","B","True","100","zai/glm-5"
"127","high_school_psychology","humanities","Which of the following types of data involves counting the number of occurrences","C","C","True","100","zai/glm-5"
"128","conceptual_physics","natural_science","If a star that is 20 light-years from Earth explodes, gravitational waves from t","B","B","True","100","zai/glm-5"
"129","high_school_european_history","factual_recall","This question refers to the following information.
The following entries are in ","A","A","True","100","zai/glm-5"
"130","high_school_biology","natural_science","Which of the following statements best summarizes evolution as it is viewed toda","D","D","True","100","zai/glm-5"
"131","professional_accounting","applied_professional","A company that produces a single product using a continuous process had no work ","B","B","True","100","zai/glm-5"
"132","college_physics","natural_science","A resistor in a circuit dissipates energy at a rate of 1 W. If the voltage acros","D","D","True","100","zai/glm-5"
"133","moral_scenarios","social_moral","For which of these two scenarios does the main character (who uses I/me/my) do s","B","A","False","90","zai/glm-5"
"134","high_school_mathematics","formal_reasoning","How many three-digit positive integers are there?","B","B","True","100","zai/glm-5"
"135","professional_accounting","applied_professional","In searching for unrecorded liabilities an auditor most likely would examine the","D","D","True","100","zai/glm-5"
"136","high_school_world_history","factual_recall","This question refers to the following information.
I walk alongside the column, ","A","A","True","95","zai/glm-5"
"137","miscellaneous","factual_recall","A prekindergarten teacher uses a basket of red and yellow apples to reinforce co","D","D","True","100","zai/glm-5"
"138","human_sexuality","humanities","What sexual act is prohibited in most societies?","B","B","True","95","zai/glm-5"
"139","global_facts","factual_recall","Which of the following causes more deaths globally each year (as of 2017)?","C","C","True","85","zai/glm-5"
"140","high_school_chemistry","natural_science","Which of the following pair of liquids is expected to be immiscible?","C","C","True","95","zai/glm-5"
"141","high_school_world_history","factual_recall","This question refers to the following information.
An Act to place certain restr","B","B","True","100","zai/glm-5"
"142","moral_scenarios","social_moral","For which of these two scenarios does the main character (who uses I/me/my) do s","C","C","True","100","zai/glm-5"
"143","clinical_knowledge","applied_professional","Which of the following is true about haemorrhoids?","B","B","True","100","zai/glm-5"
"144","elementary_mathematics","formal_reasoning","The practice range at a golf course charges $4.00 for a bucket of 40 golf balls.","A","A","True","100","zai/glm-5"
"145","security_studies","social_moral","Which of the statements below is not one of the eight themes of post-Marxist cri","C","C","True","100","zai/glm-5"
"146","high_school_mathematics","formal_reasoning","Factor $36-9x^2$.","C","C","True","100","zai/glm-5"
"147","anatomy","natural_science","A patient suffers a CVA in the area of the left internal capsule conveying motor","A","A","True","100","zai/glm-5"
"148","prehistory","factual_recall","The native peoples of the northwest coast of North America were:","C","C","True","100","zai/glm-5"
"149","human_sexuality","humanities","Jeffrey Dahmer's behaviour might best fit into the category of:","B","B","True","95","zai/glm-5"
"150","moral_scenarios","social_moral","For which of these two scenarios does the main character (who uses I/me/my) do s","C","C","True","100","zai/glm-5"
"151","conceptual_physics","natural_science","Compared with the power input, the power output of an ideal transformer is","C","C","True","100","zai/glm-5"
"152","philosophy","humanities","Berkeley asserts that existing and perceiving are _____.","A","A","True","100","zai/glm-5"
"153","high_school_macroeconomics","social_moral","If households are more optimistic about the future how would the consumption fun","C","C","True","95","zai/glm-5"
"154","college_computer_science","formal_reasoning","Which of the following statements about a remote procedure call is true?","C","C","True","100","zai/glm-5"
"155","public_relations","social_moral","The goal of ________ advertising is to promote a specific product and service to","B","B","True","100","zai/glm-5"
"156","high_school_chemistry","natural_science","A metal is reacted with HCl to produce hydrogen gas. If 0.0623 gram of metal pro","C","C","True","100","zai/glm-5"
"157","professional_law","applied_professional","A girlfriend lived with her boyfriend in a small apartment. The boyfriend was a ","D","C","False","95","zai/glm-5"
"158","high_school_world_history","factual_recall","This question refers to the following information.
""At least one of the [world's","B","B","True","100","zai/glm-5"
"159","professional_psychology","applied_professional","The flaw in Anderson’s ACT theory was that some considered it ___________.","B","B","True","85","zai/glm-5"
"160","prehistory","factual_recall","Upper Egypt is ________ of Lower Egypt.","B","B","True","100","zai/glm-5"
"161","high_school_european_history","factual_recall","This question refers to the following information.
Read the the following poem t","A","A","True","100","zai/glm-5"
"162","high_school_biology","natural_science","Most Swiss starlings produce four to five eggs in each clutch. Those producing f","C","C","True","100","zai/glm-5"
"163","moral_scenarios","social_moral","For which of these two scenarios does the main character (who uses I/me/my) do s","C","C","True","100","zai/glm-5"
"164","professional_law","applied_professional","A man is on trial for securities fraud. He takes the stand to testify in his own","B","B","True","95","zai/glm-5"
"165","professional_law","applied_professional","Generally, erotic materials are protected by the First Amendment for a person's ","C","C","True","100","zai/glm-5"
"166","moral_scenarios","social_moral","For which of these two scenarios does the main character (who uses I/me/my) do s","B","B","True","100","zai/glm-5"
"167","high_school_biology","natural_science","In general, animal cells differ from plant cells in that animal cells have","D","D","True","95","zai/glm-5"
"168","high_school_psychology","humanities","Antonia has a cat. The first time she sees a rabbit, she calls it a cat. Her mis","D","D","True","95","zai/glm-5"
"169","miscellaneous","factual_recall","Which of the following people would benefit most if the value of the United Stat","A","A","True","100","zai/glm-5"
"170","professional_law","applied_professional","A defendant was smoking marijuana as he was driving home from work one afternoon","A","A","True","100","zai/glm-5"
"171","high_school_biology","natural_science","If, on average, 46% of the loci in a species' gene pool are heterozygous, then t","C","C","True","100","zai/glm-5"
"172","high_school_mathematics","formal_reasoning","A virus is spreading throughout the population of a town, and the number of peop","B","B","True","95","zai/glm-5"
"173","college_computer_science","formal_reasoning","Consider a computer system in which processes can request and release one or mor","A","A","True","100","zai/glm-5"
"174","clinical_knowledge","applied_professional","Removal of adhesive strips:","A","A","True","95","zai/glm-5"
"175","professional_law","applied_professional","A retired cattle rancher was flying his private plane to visit his daughter and ","C","C","True","95","zai/glm-5"
"176","college_biology","natural_science","Cellular uptake of cholesterol occurs through internalization of low density lip","B","B","True","100","zai/glm-5"
"177","elementary_mathematics","formal_reasoning","What is the measure of an angle that turns through 3/4 of a complete circle?","D","D","True","100","zai/glm-5"
"178","miscellaneous","factual_recall","A teacher provides support for small, flexible groups of beginning readers. As s","C","C","True","100","zai/glm-5"
"179","high_school_government_and_politics","social_moral","Divided government frequently results in","D","D","True","95","zai/glm-5"
"180","miscellaneous","factual_recall","Which of these is a commonly-known investment account?","C","C","True","100","zai/glm-5"
"181","high_school_mathematics","formal_reasoning","There are three real numbers $x$ that are not in the domain of$$f(x) = \frac{1}{","C","C","True","100","zai/glm-5"
"182","professional_law","applied_professional","A school hired a senior citizen to act as a crossing guard at a crosswalk locate","C","C","True","95","zai/glm-5"
"183","professional_accounting","applied_professional","Which of the following is the proper treatment of the cost of equipment used in ","C","C","True","100","zai/glm-5"
"184","high_school_macroeconomics","social_moral","If the inflation rate is expected to increase in the immediate future then","C","C","True","95","zai/glm-5"
"185","high_school_psychology","humanities","Curtis stares at an image of a yellow star for a full minute. When he moves his ","D","D","True","95","zai/glm-5"
"186","high_school_psychology","humanities","Wilder Penfield's studies suggest that some long-lost memories can be elicited t","C","C","True","100","zai/glm-5"
"187","prehistory","factual_recall","How can the paleoanthropologist determine if a species is bipedal?","D","D","True","95","zai/glm-5"
"188","high_school_physics","natural_science","Which configuration of battery and resistors will create a circuit with the grea","B","A","False","100","zai/glm-5"
"189","moral_disputes","social_moral"," An unjust society, according to John Rawls, can be roughly characterized as any","C","C","True","95","zai/glm-5"
"190","abstract_algebra","formal_reasoning","Statement 1 | The homomorphic image of a cyclic group is cyclic. Statement 2 | T","A","A","True","100","zai/glm-5"
"191","philosophy","humanities","One example of bad constitutive moral luck would be:","A","A","True","100","zai/glm-5"
"192","security_studies","social_moral","Some governmental regimes are reluctant to fully join the liberalist camp; which","C","C","True","85","zai/glm-5"
"193","high_school_macroeconomics","social_moral","If the Federal Reserve was concerned about the ""crowding-out"" effect they could ","A","A","True","100","zai/glm-5"
"194","high_school_psychology","humanities","Which of the following transduces visual images?","D","D","True","100","zai/glm-5"
"195","professional_psychology","applied_professional","Self-control procedures such as those used for controlling alcohol abuse are mos","A","B","False","100","zai/glm-5"
"196","high_school_psychology","humanities","Which two competing theories explain the effects of hypnosis?","B","B","True","100","zai/glm-5"
"197","high_school_world_history","factual_recall","This question refers to the following information.
""Article 1
The Parties undert","B","B","True","100","zai/glm-5"
"198","high_school_psychology","humanities","After taking AP Psychology and doing well in the class and on the exam, Donald g","D","D","True","95","zai/glm-5"
"199","miscellaneous","factual_recall","Which of these planets has no known moon?","B","B","True","100","zai/glm-5"
"200","high_school_psychology","humanities","The Intelligence Quotient is defined as the","C","C","True","100","zai/glm-5"
"201","elementary_mathematics","formal_reasoning","What is the value of 5 + 2 • 15 + (12 • 4)?","B","B","True","100","zai/glm-5"
"202","miscellaneous","factual_recall","What was the original name of the Apple Macintosh XL computer?","A","A","True","100","zai/glm-5"
"203","prehistory","factual_recall","What contributes to societies becoming more complex?","D","D","True","100","zai/glm-5"
"204","college_physics","natural_science","Characteristic X rays, appearing as sharp lines on a continuous background, are ","C","C","True","100","zai/glm-5"
"205","high_school_psychology","humanities","Which of the following contributes most directly to people's exaggerated percept","D","D","True","100","zai/glm-5"
"206","professional_psychology","applied_professional","When a nicotine patch is used in conjunction with behavioral techniques in smoki","D","D","True","95","zai/glm-5"
"207","high_school_computer_science","formal_reasoning","Which of the following best explains how data is typically assembled in packets ","A","A","True","100","zai/glm-5"
"208","miscellaneous","factual_recall","What force causes an ice cream cone to fly off of a spinning merry-go-round?","A","A","True","100","zai/glm-5"
"209","high_school_psychology","humanities","Which of the following has been linked to a deficit of dopamine?","C","C","True","100","zai/glm-5"
"210","professional_law","applied_professional","A state statute contained reasonable provisions for the regulation, sale, posses","A","A","True","95","zai/glm-5"
"211","high_school_biology","natural_science","A feature of amino acids NOT found in carbohydrates is the presence of","C","C","True","100","zai/glm-5"
"212","high_school_psychology","humanities","A medication prescribed by a psychiatrist for major depressive disorder would mo","A","A","True","100","zai/glm-5"
"213","moral_scenarios","social_moral","For which of these two scenarios does the main character (who uses I/me/my) do s","C","C","True","95","zai/glm-5"
"214","high_school_geography","factual_recall","In what country are the most Basque speakers found?","D","D","True","100","zai/glm-5"
"215","high_school_european_history","factual_recall","This question refers to the following information.
In Russia there was nothing g","C","C","True","100","zai/glm-5"
"216","high_school_biology","natural_science","Of the following anatomical structures, which is homologous to the wing of a bir","D","D","True","100","zai/glm-5"
"217","prehistory","factual_recall","What effect did the late Pleistocene to early Holocene climate change have on hu","B","B","True","95","zai/glm-5"
"218","moral_scenarios","social_moral","For which of these two scenarios does the main character (who uses I/me/my) do s","A","A","True","95","zai/glm-5"
"219","professional_law","applied_professional","A protester brought an action in federal court against a police officer, allegin","A","A","True","95","zai/glm-5"
"220","high_school_biology","natural_science","A large island is devastated by a volcanic eruption. Most of the horses die exce","D","D","True","85","zai/glm-5"
"221","philosophy","humanities","Craig says an actually infinite number of things _____.","D","D","True","100","zai/glm-5"
"222","logical_fallacies","formal_reasoning","When someone uses highly emotionally charged terms during an argument, without g","D","D","True","100","zai/glm-5"
"223","high_school_statistics","formal_reasoning","Students in AP Statistics class were timed in seconds while solving a series of ","D","D","True","100","zai/glm-5"
"224","clinical_knowledge","applied_professional","When teaching a patient inhaler technique, how will you ensure that a large prop","D","D","True","100","zai/glm-5"
"225","high_school_us_history","factual_recall","This question refers to the following information.
BECAUSE no People can be trul","C","C","True","100","zai/glm-5"
"226","professional_psychology","applied_professional","During his first therapy session, a client tells Dr. Goodwill that he wants to p","D","D","True","95","zai/glm-5"
"227","medical_genetics","applied_professional","Zinc finger proteins and helix-turn-helix proteins are","A","A","True","100","zai/glm-5"
"228","astronomy","natural_science","The two moons of Mars are called ...","D","D","True","100","zai/glm-5"
"229","high_school_microeconomics","social_moral","What could the government do to most effectively avoid a free rider problem?","C","C","True","100","zai/glm-5"
"230","college_chemistry","natural_science","A student performs five titrations and obtains a mean result of 0.110 M, with a ","B","B","True","100","zai/glm-5"
"231","miscellaneous","factual_recall","What is New Mexico's nickname?","C","C","True","100","zai/glm-5"
"232","college_mathematics","formal_reasoning","If v is an eigenvector of an invertible matrix A, then which of the following is","D","D","True","100","zai/glm-5"
"233","college_chemistry","natural_science","Of the following ions, which has the smallest radius?","C","C","True","100","zai/glm-5"
"234","high_school_chemistry","natural_science","The molar heat of vaporization of water is +43.9 kJ. What is the entropy change ","D","D","True","95","zai/glm-5"
"235","astronomy","natural_science","What are the conditions necessary for a terrestrial planet to have a strong magn","D","D","True","100","zai/glm-5"
"236","moral_disputes","social_moral"," West worries that liberal theory in academia has inadvertently led to the under","B","B","True","95","zai/glm-5"
"237","high_school_biology","natural_science","Protein that prevents the binding of RNA polymerase to the promoter site.","B","B","True","100","zai/glm-5"
"238","high_school_biology","natural_science","Which of these makes determining the evolutionary relatedness of different speci","A","A","True","100","zai/glm-5"
"239","sociology","social_moral","The effect of the Internet upon the public sphere has been to:","B","B","True","85","zai/glm-5"
"240","elementary_mathematics","formal_reasoning","There are 190 guests at a wedding. What is the least number of circular tables n","C","C","True","100","zai/glm-5"
"241","high_school_biology","natural_science","Which of the following statements is an inference of natural selection?","A","A","True","100","zai/glm-5"
"242","high_school_psychology","humanities","A listener-sponsored radio station wants to estimate the amount of money the typ","A","B","False","95","zai/glm-5"
"243","professional_psychology","applied_professional","If the objectives of psychological research conducted in a laboratory dictate th","C","C","True","100","zai/glm-5"
"244","high_school_statistics","formal_reasoning","Company I manufactures demolition fuses that burn an average of 50 minutes with ","C","C","True","100","zai/glm-5"
"245","logical_fallacies","formal_reasoning","The fallacy of appeal to the person is rejecting a claim by...","D","D","True","100","zai/glm-5"
"246","moral_scenarios","social_moral","For which of these two scenarios does the main character (who uses I/me/my) do s","C","D","False","90","zai/glm-5"
"247","high_school_biology","natural_science","The reaction A + B → C is catalyzed by enzyme K. If the reaction is in equilibri","B","B","True","100","zai/glm-5"
"248","high_school_chemistry","natural_science","Which of the following is true for all bases?","C","C","True","90","zai/glm-5"
"249","elementary_mathematics","formal_reasoning","Marguerite earned a score between 75 and 89 on all of her previous spelling test","B","B","True","100","zai/glm-5"
"250","high_school_physics","natural_science","Under what conditions is the net electric flux through a closed surface proporti","A","A","True","100","zai/glm-5"
"251","miscellaneous","factual_recall","Which of these is not one of the 3 methods of heat transfer?","D","D","True","100","zai/glm-5"
"252","us_foreign_policy","social_moral","Peace, commerce, and honest friendship with all nations, entangling alliances wi","D","D","True","100","zai/glm-5"
"253","high_school_statistics","formal_reasoning","""A hypothesis test yields a P-value of 0.20."" Which of the following best descri","A","A","True","100","zai/glm-5"
"254","college_physics","natural_science","The surface of the Sun has a temperature close to 6,000 K and it emits a blackbo","A","A","True","95","zai/glm-5"
"255","high_school_psychology","humanities","Which of the following approaches emphasizes the importance of people's feelings","D","D","True","100","zai/glm-5"
"256","high_school_us_history","factual_recall","This question refers to the following information.
It is natural, it is a privil","B","B","True","95","zai/glm-5"
"257","high_school_statistics","formal_reasoning","Semir rolls a six-sided die every morning to determine what he will have for bre","D","D","True","100","zai/glm-5"
"258","philosophy","humanities","According to Stevenson, empirical methods:","B","B","True","95","zai/glm-5"
"259","college_physics","natural_science","One end of a horizontal, massless spring is attached to a wall. A mass of 0.30 k","A","A","True","100","zai/glm-5"
"260","high_school_biology","natural_science","A change in a neuron membrane potential from +50 millivolts to -70 millivolts is","B","B","True","100","zai/glm-5"
"261","professional_psychology","applied_professional","In the context of research design, external validity refers to the researcher’s ","D","D","True","100","zai/glm-5"
"262","formal_logic","formal_reasoning","Use indirect truth tables to determine whether the following argument is valid. ","C","C","True","90","zai/glm-5"
"263","high_school_psychology","humanities","Which of the following are most directly designed to help determine whether the ","A","A","True","100","zai/glm-5"
"264","moral_disputes","social_moral"," If Thomson's conclusion is correct, then","A","A","True","99","zai/glm-5"
"265","conceptual_physics","natural_science","A 10-Ω resistor carries 10 A. The voltage across the resistor is","D","D","True","100","zai/glm-5"
"266","high_school_statistics","formal_reasoning","The relation between the selling price of a car (in $1,000) and its age (in year","D","D","True","100","zai/glm-5"
"267","business_ethics","applied_professional","The state of being unable to make an informed, reasoned decision about a product","D","D","True","95","zai/glm-5"
"268","astronomy","natural_science","Suppose you live on the Moon. How long is a day (i.e. from sunrise to sunrise)?","C","C","True","100","zai/glm-5"
"269","high_school_psychology","humanities","""Mommy gived me a cookie"" best illustrates a basic understanding of","D","D","True","100","zai/glm-5"
"270","global_facts","factual_recall","As of 2016, about what percentage of adults aged 18 years or older were overweig","C","C","True","95","zai/glm-5"
"271","professional_law","applied_professional","In 1993, a landowner had good record title toa vineyard in fee simple absolute. ","C","C","True","95","zai/glm-5"
"272","high_school_us_history","factual_recall","This question refers to the following information.
""We found that not only was i","A","C","False","85","zai/glm-5"
"273","moral_scenarios","social_moral","For which of these two scenarios does the main character (who uses I/me/my) do s","A","A","True","95","zai/glm-5"
"274","philosophy","humanities","Rawls conceives of the original contract as one to:","C","C","True","100","zai/glm-5"
"275","high_school_macroeconomics","social_moral","Suppose consumers expect the price of corn to be lower in the near future while ","B","B","True","100","zai/glm-5"
"276","moral_scenarios","social_moral","For which of these two scenarios does the main character (who uses I/me/my) do s","C","C","True","100","zai/glm-5"
"277","high_school_chemistry","natural_science","Nitrous acid, HNO2, has a pKa value of 3.3. If a solution of nitrous acid is fou","B","B","True","100","zai/glm-5"
"278","human_aging","factual_recall","Over the last decade or two, which of the following causes of death has shown a ","A","A","True","95","zai/glm-5"
"279","high_school_microeconomics","social_moral","Which of the following causes the supply curve of paper to shift to the left?","D","D","True","100","zai/glm-5"
"280","conceptual_physics","natural_science","When we speak of time dilation, we mean that time","B","B","True","95","zai/glm-5"
"281","sociology","social_moral","Marx said that the development of the labour movement through factory-based prod","C","C","True","100","zai/glm-5"
"282","high_school_chemistry","natural_science","Which would be the easiest way to burn an iron nail?","C","C","True","95","zai/glm-5"
"283","elementary_mathematics","formal_reasoning","Which pair of ratios can form a proportion?","D","D","True","100","zai/glm-5"
"284","professional_medicine","applied_professional","A 45-year-old man comes to the physician because of right shoulder pain that beg","A","A","True","95","zai/glm-5"
"285","elementary_mathematics","formal_reasoning","Find the median in the set of data 23, 13, 18, 29, 32, 25.","B","B","True","100","zai/glm-5"
"286","clinical_knowledge","applied_professional","Fast-twitch fibres contain:","C","C","True","95","zai/glm-5"
"287","security_studies","social_moral","How might the diversity of the current global international system impact upon t","C","C","True","95","zai/glm-5"
"288","professional_law","applied_professional","A police officer observed two men acting suspiciously in front of a convenience ","B","B","True","100","zai/glm-5"
"289","high_school_macroeconomics","social_moral","Assuming there is no statistical discrepancy a trade surplus must be offset else","D","D","True","95","zai/glm-5"
"290","formal_logic","formal_reasoning"," Select the best translation into predicate logic: Not all lobsters are red.","A","A","True","100","zai/glm-5"
"291","high_school_biology","natural_science","The average birth weight for human babies is about 3 kg. Which of the following ","C","C","True","95","zai/glm-5"
"292","professional_law","applied_professional","A state has a statute generally prohibiting the installation and use of radar de","A","A","True","95","zai/glm-5"
"293","moral_scenarios","social_moral","For which of these two scenarios does the main character (who uses I/me/my) do s","B","B","True","100","zai/glm-5"
"294","philosophy","humanities","Which of the following concepts can be defined, according to Moore?","C","C","True","95","zai/glm-5"
"295","high_school_psychology","humanities","Knowledge of different categories of trees and where they grow best is an exampl","B","B","True","100","zai/glm-5"
"296","philosophy","humanities","Epictetus recommends that we refrain from:","D","D","True","85","zai/glm-5"
"297","security_studies","social_moral","What potential problem for policy in the institutionalization of academe-policy ","B","C","False","85","zai/glm-5"
"298","high_school_physics","natural_science","A toy car and a toy truck collide. If the toy truck’s mass is double the toy car","B","B","True","100","zai/glm-5"
"299","philosophy","humanities","Feinberg claims that the best way to pursue happiness is to:","C","C","True","85","zai/glm-5"
"300","miscellaneous","factual_recall","Soil structure refers to which of the following?","A","A","True","100","zai/glm-5"
"301","elementary_mathematics","formal_reasoning","The population of a certain city is 836,527. What is the population of this city","D","D","True","100","zai/glm-5"
"302","sociology","social_moral","The human relations approach emphasized the importance of:","B","B","True","95","zai/glm-5"
"303","college_biology","natural_science","In an experiment, the first cleavage plane of an amphibian zygote was manipulate","B","B","True","100","zai/glm-5"
"304","high_school_us_history","factual_recall","This question refers to the following information.
""One-half of the people of th","D","D","True","100","zai/glm-5"
"305","human_aging","factual_recall","Activation of a class of genes called sirtuins may help to","A","A","True","90","zai/glm-5"
"306","moral_scenarios","social_moral","For which of these two scenarios does the main character (who uses I/me/my) do s","C","C","True","95","zai/glm-5"
"307","high_school_biology","natural_science","Organisms in which of the following phyla have a true coelom?","C","B","False","100","zai/glm-5"
"308","abstract_algebra","formal_reasoning","Find the maximum possible order for some element of Z_8 x Z_10 x Z_24.","B","B","True","100","zai/glm-5"
"309","international_law","factual_recall","What is the meaning of international legal personality?","B","B","True","100","zai/glm-5"
"310","miscellaneous","factual_recall","In which layer of Earth is the geomagnetic field generated?","A","A","True","100","zai/glm-5"
"311","high_school_biology","natural_science","Which of the following statements is NOT correct about ancient Earth?","D","D","True","100","zai/glm-5"
"312","miscellaneous","factual_recall","Which of the following is a sports award?","D","D","True","100","zai/glm-5"
"313","elementary_mathematics","formal_reasoning","A store has 3 boxes of shirts. Each box has 4 packages with 7 shirts in each pac","B","B","True","100","zai/glm-5"
"314","high_school_biology","natural_science","The theory of evolution is most accurately described as","D","D","True","100","zai/glm-5"
"315","college_computer_science","formal_reasoning","For all strings x, the function x^M is defined recursively as follows.
e^M= e, a","D","D","True","100","zai/glm-5"
"316","elementary_mathematics","formal_reasoning","A package of paper towels has 12 rolls of paper towels in it. Mr. Kelly wants to","D","D","True","100","zai/glm-5"
"317","high_school_psychology","humanities","B. F. Skinner was well known for his work involving the","B","B","True","100","zai/glm-5"
"318","global_facts","factual_recall","The conjecture that inequality first increases with development, then decreases ","B","B","True","85","zai/glm-5"
"319","high_school_chemistry","natural_science","The simplest alkene has","B","B","True","100","zai/glm-5"
"320","high_school_psychology","humanities","When Antoinette comes home to her apartment, people suddenly jump out towards he","B","B","True","95","zai/glm-5"
"321","college_physics","natural_science","According to the BCS theory, the attraction between Cooper pairs in a supercondu","D","D","True","100","zai/glm-5"
"322","logical_fallacies","formal_reasoning","Another name for hasty generalization is","B","B","True","95","zai/glm-5"
"323","high_school_psychology","humanities","Jonathan's IQ score is in the 97th percentile. Of the following, which score is ","C","C","True","100","zai/glm-5"
"324","human_sexuality","humanities","Roman Catholicism takes the position that it is sinful to","D","D","True","100","zai/glm-5"
"325","moral_scenarios","social_moral","For which of these two scenarios does the main character (who uses I/me/my) do s","C","C","True","100","zai/glm-5"
"326","clinical_knowledge","applied_professional","Most of the free fatty acids are transported in the blood:","D","D","True","100","zai/glm-5"
"327","high_school_macroeconomics","social_moral","If in a given year the government collects more money in net taxes than it spend","B","B","True","100","zai/glm-5"
"328","world_religions","factual_recall","How many female renouncers were under the tutelage of Chandanbala?","A","A","True","95","zai/glm-5"
"329","human_aging","factual_recall","A disadvantage of institutional care is that the staff frequently teach older re","B","B","True","100","zai/glm-5"
"330","moral_scenarios","social_moral","For which of these two scenarios does the main character (who uses I/me/my) do s","A","A","True","100","zai/glm-5"
"331","high_school_psychology","humanities","Which of the following interventions is most effective at facilitating the educa","D","D","True","95","zai/glm-5"
"332","moral_scenarios","social_moral","For which of these two scenarios does the main character (who uses I/me/my) do s","B","B","True","100","zai/glm-5"
"333","high_school_psychology","humanities","The perceived volume of a tone is mainly determined by its","C","C","True","100","zai/glm-5"
"334","college_mathematics","formal_reasoning","In xyz-space, what are the coordinates of the point on the plane 2x + y + 3z = 3","B","B","True","100","zai/glm-5"
"335","high_school_biology","natural_science","Which of the following is correct about vaccination?","D","D","True","100","zai/glm-5"
"336","professional_law","applied_professional","A developer, owner of several hundred acres in a rural county, drafted a general","B","B","True","95","zai/glm-5"
"337","professional_psychology","applied_professional","A company president is concerned about the low motivation and satisfaction of he","D","D","True","95","zai/glm-5"
"338","electrical_engineering","formal_reasoning","In decimal number system what is MSD","A","A","True","100","zai/glm-5"
"339","high_school_statistics","formal_reasoning","A producer of skin care products has created a new formula for its cream to cure","C","C","True","100","zai/glm-5"
"340","professional_law","applied_professional","A city filed eminent domain proceedings in order to obtain 40 beach houses front","B","B","True","98","zai/glm-5"
"341","high_school_mathematics","formal_reasoning","John is playing a game in which he tries to obtain the highest number possible. ","B","B","True","100","zai/glm-5"
"342","high_school_biology","natural_science","The fluidity of the plasma membrane can vary in response to temperature changes.","B","B","True","100","zai/glm-5"
"343","college_chemistry","natural_science","Which of the following experimental observations were explained by Planck’s quan","A","A","True","100","zai/glm-5"
"344","high_school_chemistry","natural_science","Radon is a health hazard because","A","A","True","100","zai/glm-5"
"345","high_school_psychology","humanities","What is the major difference between negative reinforcement and punishment?","D","D","True","100","zai/glm-5"
"346","world_religions","factual_recall","The term xin refers to which of the following?","C","C","True","100","zai/glm-5"
"347","human_sexuality","humanities","The capacity of a spinal-cord injured man to have erections depends on:","D","D","True","95","zai/glm-5"
"348","nutrition","factual_recall","Risk assessment is applied to data on toxicity and human exposure to:
","D","A","False","100","zai/glm-5"
"349","high_school_biology","natural_science","When the first tiny prokaryotic cell took up residence inside a larger prokaryot","C","C","True","100","zai/glm-5"
"350","professional_medicine","applied_professional","A 16-year-old boy is admitted to the emergency department because of a knife wou","A","A","True","90","zai/glm-5"
"351","formal_logic","formal_reasoning","Construct a complete truth table for the following argument. Then, using the tru","D","D","True","100","zai/glm-5"
"352","professional_medicine","applied_professional","A 52-year-old woman comes to the emergency department because of a 1-week histor","D","D","True","95","zai/glm-5"
"353","anatomy","natural_science","Which of the following muscles initiates elevation of the mandible?","A","D","False","98","zai/glm-5"
"354","philosophy","humanities","Kant says that when trying to decide whether an action is morally permissible, w","C","C","True","100","zai/glm-5"
"355","high_school_psychology","humanities","Which sentence most accurately describes how neurons communicate?","C","C","True","100","zai/glm-5"
"356","electrical_engineering","formal_reasoning","Electric drive is becoming more and more popular because","A","A","True","95","zai/glm-5"
"357","high_school_psychology","humanities","Cyan has come up with a test to identify people with the potential to be great c","D","D","True","100","zai/glm-5"
"358","high_school_computer_science","formal_reasoning","Which of the following has the greatest potential for compromising a user's pers","A","A","True","85","zai/glm-5"
"359","professional_law","applied_professional","On February 15, a company that manufactures metal sidings for home exteriors rec","A","A","True","100","zai/glm-5"
"360","high_school_mathematics","formal_reasoning","In Canada in 2014, the average wholesale price of soybeans was $0.24 per pound. ","B","B","True","100","zai/glm-5"
"361","high_school_psychology","humanities","The goal of projective personality tests, such as the Rorschach and Thematic App","B","B","True","100","zai/glm-5"
"362","high_school_chemistry","natural_science","Of the following, the most important experimental information used to deduce the","C","C","True","90","zai/glm-5"
"363","high_school_biology","natural_science","Certain populations of finches have long been isolated on the Galapagos Islands ","B","B","True","100","zai/glm-5"
"364","high_school_chemistry","natural_science","The melting point of straight-chain hydrocarbons increases as the number of carb","C","C","True","95","zai/glm-5"
"365","high_school_psychology","humanities","Two ""cognitive shortcuts"" that can lead to errors in information processing are","A","A","True","100","zai/glm-5"
"366","professional_accounting","applied_professional","A partner in a general partnership is usually not entitled to which of the follo","D","D","True","95","zai/glm-5"
"367","high_school_statistics","formal_reasoning","Suppose you toss a fair die three times and it comes up an even number each time","D","D","True","100","zai/glm-5"
"368","professional_psychology","applied_professional","In terms of age, Erikson’s ________ stage of psychosocial development correspond","D","D","True","100","zai/glm-5"
"369","moral_scenarios","social_moral","For which of these two scenarios does the main character (who uses I/me/my) do s","B","B","True","100","zai/glm-5"
"370","professional_law","applied_professional","A young man suggested to his friend that they steal a large-screen TV from a nei","A","A","True","95","zai/glm-5"
"371","conceptual_physics","natural_science","If an object is already moving and the sum of all the vector forces on a mass is","A","A","True","100","zai/glm-5"
"372","college_physics","natural_science","An observer O at rest midway between two sources of light at x = 0 and x = 10 m ","C","C","True","100","zai/glm-5"
"373","high_school_psychology","humanities","The medical model of psychologically disordered behavior is most likely to be cr","D","D","True","100","zai/glm-5"
"374","college_chemistry","natural_science","Which of the following statements about nuclear binding energies is NOT true?","B","B","True","100","zai/glm-5"
"375","high_school_psychology","humanities","Research has shown that people who read a job description written only with male","A","A","True","95","zai/glm-5"
"376","college_physics","natural_science","At the present time, the temperature of the universe (i.e., the microwave radiat","A","A","True","95","zai/glm-5"
"377","high_school_macroeconomics","social_moral","Which of the following would be an example of fiat money?","B","B","True","100","zai/glm-5"
"378","moral_disputes","social_moral"," What does SCNT stand for, as used in the discussion on cloning?","C","C","True","100","zai/glm-5"
"379","professional_law","applied_professional","A construction worker sued an insulation manufacturer in federal court, claiming","A","B","False","90","zai/glm-5"
"380","sociology","social_moral","Émile Durkheim believed the primary focus of sociology should be which of the fo","B","B","True","100","zai/glm-5"
"381","conceptual_physics","natural_science","As more lamps are connected in parallel in a circuit, the current in the power s","A","A","True","95","zai/glm-5"
"382","high_school_chemistry","natural_science","A sample of liquid NH3 is brought to its boiling point. Which of the following o","D","D","True","100","zai/glm-5"
"383","philosophy","humanities","Mill defines “utility” as:","C","C","True","95","zai/glm-5"
"384","high_school_psychology","humanities","In the ""cocktail party phenomenon,"" an individual can focus on one conversation ","B","B","True","100","zai/glm-5"
"385","world_religions","factual_recall","What does the word ""Islam"" mean in Arabic?","B","B","True","100","zai/glm-5"
"386","anatomy","natural_science","The infraorbital nerve","A","A","True","100","zai/glm-5"
"387","anatomy","natural_science","Saliva contains an enzyme that acts upon which of the following nutrients?","A","A","True","100","zai/glm-5"
"388","miscellaneous","factual_recall","What actress starred on 'Charlie's Angels' for the show's entire run?","C","C","True","100","zai/glm-5"
"389","high_school_biology","natural_science","Which of the following disorders will most likely result from X chromosome aneup","C","C","True","100","zai/glm-5"
"390","machine_learning","formal_reasoning","Another term for out-of-distribution detection is?","A","A","True","95","zai/glm-5"
"391","high_school_psychology","humanities","While visiting a museum, you study a statue by walking around it and examining i","C","C","True","95","zai/glm-5"
"392","high_school_microeconomics","social_moral","The law of increasing costs is useful in describing","D","D","True","100","zai/glm-5"
"393","electrical_engineering","formal_reasoning","The resistance of a conductor of diameter d and length l is R Ω. If the diameter","D","C","False","100","zai/glm-5"
"394","moral_scenarios","social_moral","For which of these two scenarios does the main character (who uses I/me/my) do s","B","B","True","100","zai/glm-5"
"395","machine_learning","formal_reasoning","Statement 1| ImageNet has images of various resolutions. Statement 2| Caltech-10","C","C","True","98","zai/glm-5"
"396","professional_law","applied_professional","Litigation arose in the courts of a state when the Secretary of Commerce attempt","B","B","True","100","zai/glm-5"
"397","econometrics","social_moral","Which one of the following is a disadvantage of the general to specific or ""LSE""","D","B","False","95","zai/glm-5"
"398","moral_scenarios","social_moral","For which of these two scenarios does the main character (who uses I/me/my) do s","C","D","False","95","zai/glm-5"
"399","human_sexuality","humanities","Which is true with regard to voyeurs?","D","D","True","95","zai/glm-5"
"400","high_school_psychology","humanities","After discovering that she was in the early stages of an eating disorder, Maria'","C","C","True","100","zai/glm-5"
"401","high_school_world_history","factual_recall","This question refers to the following information.
""In Northern India the existe","B","A","False","100","zai/glm-5"
"402","moral_scenarios","social_moral","For which of these two scenarios does the main character (who uses I/me/my) do s","D","D","True","98","zai/glm-5"
"403","college_chemistry","natural_science","The dissociation energy for a hydrogen-bromine bond is defined as the change in ","D","D","True","100","zai/glm-5"
"404","high_school_geography","factual_recall","Ankara, Turkey and Islamabad, Pakistan are both examples of","B","B","True","100","zai/glm-5"
"405","high_school_psychology","humanities","Lynda is a confident, capable woman who takes responsibility for her own actions","C","C","True","100","zai/glm-5"
"406","miscellaneous","factual_recall","The film 'Stand By Me' is based on a novel by what author?","B","B","True","100","zai/glm-5"
"407","prehistory","factual_recall","Conflict models emphasize the importance of __________ tensions in the developme","C","C","True","95","zai/glm-5"
"408","professional_law","applied_professional","Which of the following is not within the power of a federal subpoena to command ","A","A","True","100","zai/glm-5"
"409","econometrics","social_moral","Including relevant lagged values of the dependent variable on the right hand sid","A","A","True","95","zai/glm-5"
"410","college_physics","natural_science","White light is normally incident on a puddle of water (index of refraction 1.33)","C","C","True","100","zai/glm-5"
"411","miscellaneous","factual_recall","Which of these is not one of the four basic forces in nature?","D","D","True","100","zai/glm-5"
"412","philosophy","humanities","By “animal motion,” Hobbes means:","D","D","True","95","zai/glm-5"
"413","professional_law","applied_professional","A 10-year-old girl decided to go sledding during a heavy snow and ice storm. She","B","B","True","95","zai/glm-5"
"414","college_mathematics","formal_reasoning","Let X be a topological space, and let A, B, and C be nonempty subsets of X such ","B","D","False","100","zai/glm-5"
"415","high_school_statistics","formal_reasoning","A large city was interested in annexing part of the surrounding county. In a sur","C","C","True","85","zai/glm-5"
"416","professional_accounting","applied_professional","In year 6, an IRS agent completed an examination of a corporation’s year 5 tax r","D","D","True","95","zai/glm-5"
"417","high_school_physics","natural_science","An ideal battery of constant voltage V supplies current to a circuit that has to","C","C","True","100","zai/glm-5"
"418","formal_logic","formal_reasoning"," Use the following key to translate the given formula of PL to natural, English ","D","D","True","100","zai/glm-5"
"419","moral_scenarios","social_moral","For which of these two scenarios does the main character (who uses I/me/my) do s","C","C","True","100","zai/glm-5"
"420","nutrition","factual_recall","It has been observed that a reduction in family size and improved sanitary condi","B","B","True","100","zai/glm-5"
"421","high_school_statistics","formal_reasoning","Which of the following is a correct statement?","D","D","True","95","zai/glm-5"
"422","global_facts","factual_recall","The percentage of children in India (age 8) who reported physical punishment by ","C","C","True","75","zai/glm-5"
"423","high_school_mathematics","formal_reasoning","Let $M=4a^2 - 2b^2 +a$. Let $j$ be the value of $M$ when $a=5$ and $b=3$, and le","A","A","True","100","zai/glm-5"
"424","human_sexuality","humanities","For purposes of conception, the best position for intercourse is:","B","B","True","85","zai/glm-5"
"425","high_school_physics","natural_science","A particle is subjected to a conservative force whose potential energy function ","D","D","True","100","zai/glm-5"
"426","high_school_psychology","humanities","A sixth-grade teacher is concerned because Kerry, a student in class, has been h","D","D","True","95","zai/glm-5"
"427","international_law","factual_recall","What is the rationale for the exhaustion of local remedies in international huma","C","C","True","95","zai/glm-5"
"428","world_religions","factual_recall","Which pope promoted the cults of St. Peter and St. Paul to bolster authority in ","A","A","True","95","zai/glm-5"
"429","moral_disputes","social_moral"," Which of the following is not an example of a natural right that Locke uses?","C","C","True","100","zai/glm-5"
"430","computer_security","formal_reasoning","Applications developed by programming languages like ____ and ______ have this c","C","C","True","100","zai/glm-5"
"431","professional_accounting","applied_professional","Stock A has a beta of 0.8, while Stock B has a beta of 1.4. The expected return ","A","A","True","100","zai/glm-5"
"432","high_school_world_history","factual_recall","This question refers to the following information.
""The question as to who, and ","A","A","True","100","zai/glm-5"
"433","virology","factual_recall","500 women aged 40 – 54 who present for routine check-ups are asked about their m","B","A","False","100","zai/glm-5"
"434","abstract_algebra","formal_reasoning","Statement 1 | Every ideal in a ring is a subring of the ring. Statement 2 | Ever","C","C","True","100","zai/glm-5"
"435","abstract_algebra","formal_reasoning","Statement 1 | For n > 1, the set {1,2, ..., n-1} is a group under multiplication","D","D","True","100","zai/glm-5"
"436","philosophy","humanities","According to Brandt’s theory, an ideal moral rule is one that would:","C","C","True","95","zai/glm-5"
"437","world_religions","factual_recall","According to Hindu tradition, which age are we in currently?","A","A","True","100","zai/glm-5"
"438","professional_psychology","applied_professional","Berscheid’s (1983) emotion-in-relationship model proposes that strong positive e","B","B","True","100","zai/glm-5"
"439","high_school_psychology","humanities","Research using the visual cliff suggests that human infants","B","B","True","95","zai/glm-5"
"440","high_school_biology","natural_science","Hydrangea flowers have one gene for flower color. Plants of the same genetic var","C","C","True","100","zai/glm-5"
"441","high_school_computer_science","formal_reasoning","Consider the following three scenarios, which could be modeled using three data ","C","C","True","95","zai/glm-5"
"442","professional_law","applied_professional","A farmer was the owner of a 20-acre tract that was situated just south of a majo","C","C","True","85","zai/glm-5"
"443","econometrics","social_moral","Suppose that the following regression is estimated using 27 quarterly observatio","C","C","True","100","zai/glm-5"
"444","clinical_knowledge","applied_professional","An ileostomy opening should be:","B","B","True","90","zai/glm-5"
"445","anatomy","natural_science","In the brain stem, pathways for:","C","C","True","100","zai/glm-5"
"446","high_school_psychology","humanities","Harlow's monkey experiment illustrated","A","A","True","100","zai/glm-5"
"447","high_school_mathematics","formal_reasoning","Where, in the first quadrant, does the rose r = sin 3θ have a vertical tangent?","C","C","True","100","zai/glm-5"
"448","college_physics","natural_science","A particle decays in 2.0 ms in its rest frame. If the same particle moves at v=0","D","D","True","95","zai/glm-5"
"449","moral_scenarios","social_moral","For which of these two scenarios does the main character (who uses I/me/my) do s","A","A","True","100","zai/glm-5"
"450","miscellaneous","factual_recall","What automobile company makes the Sonata?","D","D","True","100","zai/glm-5"
"451","high_school_statistics","formal_reasoning","The regression analysis of question 20 indicated that ""R-sq = 98.1%."" Which of t","C","C","True","100","zai/glm-5"
"452","professional_law","applied_professional","A law clerk normally worked from 9:00 a. m. to5:00 p. m. each day, or an average","D","D","True","85","zai/glm-5"
"453","human_sexuality","humanities","Stan is out having a few beers with some friends. Which of the following will be","C","C","True","95","zai/glm-5"
"454","philosophy","humanities","According to Butler, the degree to which one acts compassionately depends on:","C","C","True","90","zai/glm-5"
"455","high_school_biology","natural_science","Which of the following statements about trypsin is NOT true?","C","C","True","100","zai/glm-5"
"456","high_school_biology","natural_science","Stretching out from the equator is a wide belt of tropical rain forests that are","B","B","True","100","zai/glm-5"
"457","conceptual_physics","natural_science","When a fusion reaction converts a pair of hydrogen isotopes to an alpha particle","C","C","True","95","zai/glm-5"
"458","professional_accounting","applied_professional","King, Inc. owns 70% of Simmon Co’s outstanding common stock. King’s liabilities ","B","B","True","100","zai/glm-5"
"459","clinical_knowledge","applied_professional","For very high force contractions lasting 1-2 seconds, the initial energy source ","D","D","True","95","zai/glm-5"
"460","computer_security","formal_reasoning","A/an ___________ is a program that steals your logins & passwords for instant me","A","A","True","100","zai/glm-5"
"461","high_school_european_history","factual_recall","This question refers to the following information.
""The Italian nation has been ","B","D","False","100","zai/glm-5"
"462","miscellaneous","factual_recall","What term describes a tribe that has no set homeland and wanders from place to p","A","A","True","100","zai/glm-5"
"463","high_school_mathematics","formal_reasoning","On her previous five attempts Sarah had achieved times, in seconds, of 86, 94, 9","B","B","True","100","zai/glm-5"
"464","high_school_geography","factual_recall","Which of the following is LEAST associated with the development of alluvial land","D","D","True","100","zai/glm-5"
"465","electrical_engineering","formal_reasoning","The solid angle subtended by an area of 2400 cm^2 on the surface of a sphere of ","C","C","True","100","zai/glm-5"
"466","logical_fallacies","formal_reasoning","The fallacy of reprehensible personality is a specific type of","B","A","False","70","zai/glm-5"
"467","college_chemistry","natural_science","Of the following ionic substances, which has the greatest lattice enthalpy?","A","A","True","100","zai/glm-5"
"468","formal_logic","formal_reasoning","Identify the conclusion of the following argument. All of psychology has gotten ","D","D","True","100","zai/glm-5"
"469","high_school_macroeconomics","social_moral","In order to reduce or eliminate crowding out expansionary fiscal policy can be a","C","C","True","98","zai/glm-5"
"470","professional_law","applied_professional","A state enacted a statute that authorized the payment of state funds to any priv","A","B","False","95","zai/glm-5"
"471","high_school_biology","natural_science","Which of the changes below following the start codon in an mRNA would most likel","A","A","True","100","zai/glm-5"
"472","world_religions","factual_recall"," What does ""Svetambara"" mean?","C","C","True","100","zai/glm-5"
"473","miscellaneous","factual_recall","What French city is home to a famous international film festival each spring?","A","A","True","100","zai/glm-5"
"474","electrical_engineering","formal_reasoning","A metal surface with 1 meter radius and surface charge density of 20 coulombs / ","B","B","True","95","zai/glm-5"
"475","miscellaneous","factual_recall","When Corporation X pays out $300,000 in salaries, which of the following is the ","B","B","True","100","zai/glm-5"
"476","high_school_computer_science","formal_reasoning","An online store uses 6-bit binary sequences to identify each unique item for sal","C","C","True","100","zai/glm-5"
"477","professional_law","applied_professional","A consumer from State A filed a $100,000 products liabilityaction in federal cou","D","D","True","95","zai/glm-5"
"478","abstract_algebra","formal_reasoning","(Z,*) is a group with a*b = a+b+1 for all a, b in Z. The inverse of a is","D","D","True","100","zai/glm-5"
"479","college_computer_science","formal_reasoning","Languages with a structure that implements abstract data types (e.g., a C++ clas","D","D","True","95","zai/glm-5"
"480","moral_scenarios","social_moral","For which of these two scenarios does the main character (who uses I/me/my) do s","D","D","True","90","zai/glm-5"
"481","prehistory","factual_recall","What is the Aztec word for a spear-throwing device developed in Europe more than","B","B","True","100","zai/glm-5"
"482","philosophy","humanities","Epictetus recommends that we act:","C","C","True","95","zai/glm-5"
"483","high_school_macroeconomics","social_moral","U.S. real GDP most likely falls when","D","D","True","100","zai/glm-5"
"484","high_school_psychology","humanities","A game show like Jeopardy! asks players to demonstrate which of the following ty","B","B","True","95","zai/glm-5"
"485","formal_logic","formal_reasoning"," Construct a complete truth table for the following argument. Then, using the tr","A","A","True","100","zai/glm-5"
"486","clinical_knowledge","applied_professional","If the mean rate of oxygen consumption of a male athlete during a training sessi","D","D","True","95","zai/glm-5"
"487","moral_disputes","social_moral"," According to Lukianoff and Haidt, institutionalizing vindictive protectiveness ","D","C","False","100","zai/glm-5"
"488","moral_scenarios","social_moral","For which of these two scenarios does the main character (who uses I/me/my) do s","B","B","True","100","zai/glm-5"
"489","high_school_mathematics","formal_reasoning","How many numbers are in the list $ -36, -29, -22, \ldots, 41, 48?$","C","C","True","100","zai/glm-5"
"490","human_aging","factual_recall","We want our measures to be as reliable as possible; reliability refers to","C","C","True","100","zai/glm-5"
"491","high_school_psychology","humanities","In classical conditioning the learner learns to associate the unconditioned stim","B","B","True","95","zai/glm-5"
"492","moral_scenarios","social_moral","For which of these two scenarios does the main character (who uses I/me/my) do s","C","C","True","95","zai/glm-5"
"493","econometrics","social_moral","The fixed effects panel model is also sometimes known as","B","B","True","100","zai/glm-5"
"494","moral_disputes","social_moral"," According to Nathanson, criminals who commit murder forfeit their right to","A","C","False","90","zai/glm-5"
"495","electrical_engineering","formal_reasoning","Commutator in DC generator is used for","D","D","True","100","zai/glm-5"
"496","college_computer_science","formal_reasoning","One approach to handling fuzzy logic data might be to design a computer using te","C","C","True","100","zai/glm-5"
"497","professional_law","applied_professional","A defendant was on the first day of her new secretarial job when her boss called","B","B","True","95","zai/glm-5"
"498","high_school_chemistry","natural_science","Which of the following does not contain oxygen?","B","B","True","100","zai/glm-5"
"499","college_physics","natural_science","Protons used in cancer therapy are typically accelerated to about 0.6c. How much","A","A","True","100","zai/glm-5"
"500","high_school_european_history","factual_recall","This question refers to the following information.
""After all the slaves had bee","C","C","True","95","zai/glm-5"
"501","moral_scenarios","social_moral","For which of these two scenarios does the main character (who uses I/me/my) do s","B","D","False","90","zai/glm-5"
"502","college_mathematics","formal_reasoning","For which value of n are there exactly two abelian groups of order n up to isomo","A","A","True","95","zai/glm-5"
"503","management","applied_professional","What is a social enterprise concerned with?","D","D","True","100","zai/glm-5"
"504","elementary_mathematics","formal_reasoning","What is the quotient for the expression 2,314 / 4?","D","D","True","100","zai/glm-5"
"505","college_physics","natural_science","The energy required to remove both electrons from the helium atom in its ground ","A","A","True","100","zai/glm-5"
"506","clinical_knowledge","applied_professional","Dopamine is prescribed at a rate of 4 micrograms/kg/min. For a 65 kg person, how","B","B","True","100","zai/glm-5"
"507","international_law","factual_recall","Who is a 'persistent objector'?","C","C","True","100","zai/glm-5"
"508","human_aging","factual_recall","Older adults generally perform very well when their _____ memory is tested.","D","D","True","95","zai/glm-5"
"509","college_biology","natural_science","A behavioral response called a fixed action pattern shown by animals","B","B","True","95","zai/glm-5"
"510","miscellaneous","factual_recall","Which of these measurements is equal to one square foot?","D","D","True","100","zai/glm-5"
"511","computer_security","formal_reasoning","Which of the following are benefits of penetration testing?","A","A","True","95","zai/glm-5"
"512","high_school_microeconomics","social_moral","Which of the following statements is true for a firm in a perfectly competitive ","D","D","True","100","zai/glm-5"
"513","high_school_microeconomics","social_moral","You are told that the cross-price elasticity between goods X and Y is +2.0. This","D","D","True","100","zai/glm-5"
"514","high_school_biology","natural_science","Which of the following is NOT a characteristic of bacteria?","B","B","True","100","zai/glm-5"
"515","nutrition","factual_recall","In which form is selenium found in the 25 human selenoproteins?
","B","B","True","100","zai/glm-5"
"516","professional_law","applied_professional","For which of the following preliminary questions of fact will the trial court ju","C","C","True","95","zai/glm-5"
"517","nutrition","factual_recall","Which of the following will increase in vitamin D deficiency?
","C","C","True","95","zai/glm-5"
"518","moral_scenarios","social_moral","For which of these two scenarios does the main character (who uses I/me/my) do s","C","A","False","95","zai/glm-5"
"519","moral_disputes","social_moral"," According to Kant, all imperatives are expressed by the word","B","B","True","100","zai/glm-5"
"520","moral_disputes","social_moral"," Which of the following statements best describes Gill's response to the argumen","D","D","True","95","zai/glm-5"
"521","high_school_physics","natural_science","A box of mass m slides on a horizontal surface with initial speed v0. It feels n","A","A","True","100","zai/glm-5"
"522","high_school_biology","natural_science","Which of the following about meiosis is NOT true?","C","C","True","95","zai/glm-5"
"523","college_mathematics","formal_reasoning","For which p is the norm ||x||_p expressable as an inner product?","B","B","True","100","zai/glm-5"
"524","high_school_psychology","humanities","Children are most likely to grow up more competent and responsible when they are","B","B","True","100","zai/glm-5"
"525","philosophy","humanities","If you assume that a set of statements is true, and yet you can deduce a false o","D","D","True","100","zai/glm-5"
"526","elementary_mathematics","formal_reasoning","Yesterday, Micah ate an even number of strawberries. He also ate an odd number o","D","D","True","100","zai/glm-5"
"527","high_school_psychology","humanities","Which of the following psychologists would most likely agree with the following ","C","C","True","100","zai/glm-5"
"528","high_school_european_history","factual_recall","This question refers to the following information.
The text below is the governm","C","C","True","95","zai/glm-5"
"529","high_school_mathematics","formal_reasoning","Ramanujan and Hardy played a game where they both picked a complex number. If th","D","D","True","100","zai/glm-5"
"530","moral_disputes","social_moral"," Nathanson supports which of the following kinds of retributivism?","B","B","True","90","zai/glm-5"
"531","jurisprudence","applied_professional","The U.S. Congress is empowered by the Commerce Clause and other provisions of th","B","B","True","100","zai/glm-5"
"532","high_school_biology","natural_science","Which of the following is not a form of interspecies interaction?","B","B","True","100","zai/glm-5"
"533","us_foreign_policy","social_moral","What was the Clinton Administration's policy on the Russian economy?","B","B","True","98","zai/glm-5"
"534","logical_fallacies","formal_reasoning","A valid disjunctive syllogism has which of the following characteristics?","B","B","True","95","zai/glm-5"
"535","human_sexuality","humanities","__________ occurs when the fertilized egg implants somewhere other than the uter","B","B","True","100","zai/glm-5"
"536","moral_scenarios","social_moral","For which of these two scenarios does the main character (who uses I/me/my) do s","B","B","True","95","zai/glm-5"
"537","conceptual_physics","natural_science","A rock suspended by a weighing scale weighs 5 N out of water and 3 N when submer","D","D","True","100","zai/glm-5"
"538","human_sexuality","humanities","Menstruation is triggered by...","C","C","True","100","zai/glm-5"
"539","high_school_us_history","factual_recall","This question refers to the following information.
Here is the case of a woman e","B","D","False","95","zai/glm-5"
"540","high_school_microeconomics","social_moral","Which of the following indicates that two goods are complements?","C","C","True","100","zai/glm-5"
"541","anatomy","natural_science","If you run your finger down the anterior midline of a patient's extended neck fr","C","C","True","100","zai/glm-5"
"542","miscellaneous","factual_recall","Many scientists think that some of the dinosaurs did not go extinct but rather e","C","C","True","100","zai/glm-5"
"543","high_school_mathematics","formal_reasoning","The mean of 7 numbers is 15. When an 8th number is added, the mean decreases to ","B","B","True","100","zai/glm-5"
"544","high_school_macroeconomics","social_moral","What will happen to the equilibrium price and the equilibrium quantity of good A","A","A","True","95","zai/glm-5"
"545","college_biology","natural_science","Monoclonal antisera are distinguished from polyclonal antisera in which of the f","C","C","True","100","zai/glm-5"
"546","elementary_mathematics","formal_reasoning","Restate the expression 4(3 + 2) using the Distributive Property. Do not simplify","B","B","True","100","zai/glm-5"
"547","high_school_geography","factual_recall","Boundary problems along the United States–Mexico border are caused by which type","D","D","True","90","zai/glm-5"
"548","global_facts","factual_recall","About what percentage of the global population was literate in 1950?","B","B","True","85","zai/glm-5"
"549","miscellaneous","factual_recall","Which of these foods could you catch at sea?","C","C","True","100","zai/glm-5"
"550","philosophy","humanities","A prominent view is that an object has aesthetic value if it _____.","B","C","False","95","zai/glm-5"
"551","moral_disputes","social_moral"," According to Altman, expressive harm is","B","A","False","85","zai/glm-5"
"552","elementary_mathematics","formal_reasoning","Find the number that makes the statement true: 48 m = Box mm.","A","A","True","100","zai/glm-5"
"553","sociology","social_moral","The market model of state welfare is based on the principle of:","A","A","True","95","zai/glm-5"
"554","formal_logic","formal_reasoning","Identify the antecedent of the following conditional proposition: The Bees winni","D","D","True","100","zai/glm-5"
"555","miscellaneous","factual_recall","Which of these refers to an alcoholic drink laced with a knockout drug?","C","C","True","100","zai/glm-5"
"556","virology","factual_recall","How many human polyomaviruses are known at present?","D","A","False","95","zai/glm-5"
"557","security_studies","social_moral","What role does the concept of 'human security' have in our understanding of secu","B","C","False","95","zai/glm-5"
"558","high_school_psychology","humanities","Free association and dream interpretation frequently characterize which of the f","A","A","True","100","zai/glm-5"
"559","professional_accounting","applied_professional","Which of the following factors most likely would cause an accountant not to acce","B","B","True","95","zai/glm-5"
"560","professional_psychology","applied_professional","As described by Kobasa et al. (1982), the personality characteristic of hardines","B","B","True","100","zai/glm-5"
"561","miscellaneous","factual_recall","What newspaper do Lois Lane and Clark Kent work for?","B","B","True","100","zai/glm-5"
"562","high_school_psychology","humanities","One cause of the deinstitutionalization of many psychiatric patients in the mid-","C","C","True","95","zai/glm-5"
"563","security_studies","social_moral","Which of the following might be considered part of the 'deepening and broadening","D","D","True","95","zai/glm-5"
"575","philosophy","humanities","According to Hume, morality is ultimately based on:","D","D","True","95","zai/glm-5"
"576","global_facts","factual_recall","Which of the following countries emitted the most CO2 per capita in 2017?","B","B","True","90","zai/glm-5"
"577","nutrition","factual_recall","What is the phenotype of a congenital disorder impairing the secretion of leptin","C","C","True","95","zai/glm-5"
"578","high_school_geography","factual_recall","Which of the following is NOT a spread effect in the core-periphery model of dev","D","D","True","95","zai/glm-5"
"579","philosophy","humanities","Anscombe claims that on Sidgwick’s view, the badness of an action must be estima","A","B","False","90","zai/glm-5"
"580","high_school_physics","natural_science","An object is placed 100 cm from a plane mirror. How far is the image from the ob","C","C","True","100","zai/glm-5"
"581","machine_learning","formal_reasoning","Which one of the following is the main reason for pruning a Decision Tree?","D","D","True","100","zai/glm-5"
"582","moral_scenarios","social_moral","For which of these two scenarios does the main character (who uses I/me/my) do s","D","D","True","95","zai/glm-5"
"583","high_school_psychology","humanities","Maria, a bright high school student, fears success. To which of the following co","C","C","True","95","zai/glm-5"
"584","moral_scenarios","social_moral","For which of these two scenarios does the main character (who uses I/me/my) do s","A","A","True","95","zai/glm-5"
"585","abstract_algebra","formal_reasoning","Statement 1 | Every field is also a ring. Statement 2 | Every ring has a multipl","C","C","True","90","zai/glm-5"
"586","high_school_mathematics","formal_reasoning","Given the expression: $1990\times1991 - 1989\times1990$. What counting number is","C","C","True","100","zai/glm-5"
"587","high_school_chemistry","natural_science","A solution of a weak base is titrated with a solution of a standard strong acid.","A","A","True","100","zai/glm-5"
"588","professional_law","applied_professional","A homeowner wished to have his house painted. He contacted a number of house pai","A","A","True","100","zai/glm-5"
"589","moral_scenarios","social_moral","For which of these two scenarios does the main character (who uses I/me/my) do s","C","C","True","95","zai/glm-5"
"590","miscellaneous","factual_recall","Which of the following artists is an English landscape painter who created a poe","A","A","True","100","zai/glm-5"
"591","human_aging","factual_recall","The Kingbergs give us several keys to successful aging; which of the following i","C","C","True","75","zai/glm-5"
"592","marketing","applied_professional","Which of the following is the name for a coupon that is included in a package fo","C","C","True","95","zai/glm-5"
"593","high_school_psychology","humanities","Which of the following responses was most likely acquired through classical cond","A","A","True","100","zai/glm-5"
"594","high_school_statistics","formal_reasoning","A large company has offices in two locations, one in New Jersey and one in Utah.","D","D","True","100","zai/glm-5"
"595","high_school_macroeconomics","social_moral","A negative or contractionary supply shock will","D","D","True","100","zai/glm-5"
"596","professional_medicine","applied_professional","A 40-year-old male presents to the office with symptoms of odynophagia and gastr","D","D","True","95","zai/glm-5"
"597","computer_security","formal_reasoning","____________________ is the anticipation of unauthorized access or break to comp","B","B","True","100","zai/glm-5"
"598","professional_medicine","applied_professional","A 40-year-old man with paranoid schizophrenia is transferred to the emergency de","D","D","True","95","zai/glm-5"
"599","management","applied_professional","'There is no discernible link between planning and performance'. Who is this pos","D","D","True","95","zai/glm-5"
"600","logical_fallacies","formal_reasoning","Another name for the fallacy of accident is","A","A","True","100","zai/glm-5"
"601","philosophy","humanities","According to Kant, the supreme principle of morality is:","C","C","True","95","zai/glm-5"
"602","high_school_psychology","humanities","Learned helplessness is most likely to be directly related to","C","C","True","100","zai/glm-5"
"603","college_physics","natural_science","Assume that the solar flux at Earth’s surface is 1,000 W/m^2 and that the sunlig","C","C","True","100","zai/glm-5"
"604","moral_scenarios","social_moral","For which of these two scenarios does the main character (who uses I/me/my) do s","C","C","True","100","zai/glm-5"
"605","elementary_mathematics","formal_reasoning","What is the product of 32 x 67?","D","D","True","100","zai/glm-5"
"606","moral_scenarios","social_moral","For which of these two scenarios does the main character (who uses I/me/my) do s","B","B","True","100","zai/glm-5"
"607","philosophy","humanities","Hobbes claims that all of the laws of nature can be summarized in the precept:","C","C","True","100","zai/glm-5"
"608","moral_disputes","social_moral"," Nagel thinks that the core of the absolutist position is that","D","D","True","85","zai/glm-5"
